{
    "name": "root",
    "gauges": {
        "HiderAgent.Policy.Entropy.mean": {
            "value": 0.519871711730957,
            "min": 0.49453145265579224,
            "max": 1.6052039861679077,
            "count": 40
        },
        "HiderAgent.Environment.EpisodeLength.mean": {
            "value": 20.221995926680243,
            "min": 18.481113320079523,
            "max": 381.7083333333333,
            "count": 40
        },
        "HiderAgent.Policy.ExtrinsicValueEstimate.mean": {
            "value": 0.8267113566398621,
            "min": -0.557347297668457,
            "max": 0.8376452326774597,
            "count": 40
        },
        "HiderAgent.Environment.CumulativeReward.mean": {
            "value": 0.859556709859789,
            "min": -4.531956202957941,
            "max": 0.8668877624431435,
            "count": 40
        },
        "HiderAgent.Policy.ExtrinsicReward.mean": {
            "value": 0.859556709859789,
            "min": -4.531956202957941,
            "max": 0.8668877624431435,
            "count": 40
        },
        "HiderAgent.Losses.PolicyLoss.mean": {
            "value": 0.06730771244231921,
            "min": 0.06351163124782033,
            "max": 0.07981654640995355,
            "count": 40
        },
        "HiderAgent.Losses.ValueLoss.mean": {
            "value": 0.018921476054755554,
            "min": 0.015169903859108064,
            "max": 0.20817276765592396,
            "count": 40
        },
        "HiderAgent.Policy.LearningRate.mean": {
            "value": 3.351348882916672e-06,
            "min": 3.351348882916672e-06,
            "max": 0.0002953852515382499,
            "count": 40
        },
        "HiderAgent.Policy.Epsilon.mean": {
            "value": 0.10111708333333336,
            "min": 0.10111708333333336,
            "max": 0.19846175,
            "count": 40
        },
        "HiderAgent.Policy.Beta.mean": {
            "value": 1.5473708333333342e-05,
            "min": 1.5473708333333342e-05,
            "max": 0.0004924625749999999,
            "count": 40
        },
        "HiderAgent.IsTraining.mean": {
            "value": 1.0,
            "min": 1.0,
            "max": 1.0,
            "count": 40
        }
    },
    "metadata": {
        "timer_format_version": "0.1.0",
        "start_time_seconds": "1609603427",
        "python_version": "3.7.7 (tags/v3.7.7:d7c567b08f, Mar 10 2020, 10:41:24) [MSC v.1900 64 bit (AMD64)]",
        "command_line_arguments": "C:\\Users\\Ilona\\AppData\\Local\\Programs\\Python\\Python37\\Scripts\\mlagents-learn agent_config_v0.4.1.2_PPO.yaml --run-id=v0.4.1.2 --force",
        "mlagents_version": "0.22.0",
        "mlagents_envs_version": "0.22.0",
        "communication_protocol_version": "1.2.0",
        "pytorch_version": "1.7.0+cu110",
        "numpy_version": "1.18.2",
        "end_time_seconds": "1609603902"
    },
    "total": 475.0020041,
    "count": 1,
    "self": 0.15790940000005094,
    "children": {
        "run_training.setup": {
            "total": 0.01123609999999986,
            "count": 1,
            "self": 0.01123609999999986
        },
        "TrainerController.start_learning": {
            "total": 474.83285859999995,
            "count": 1,
            "self": 0.921038600003385,
            "children": {
                "TrainerController._reset_env": {
                    "total": 5.691039,
                    "count": 1,
                    "self": 5.691039
                },
                "TrainerController.advance": {
                    "total": 468.08653009999654,
                    "count": 33585,
                    "self": 0.501347799995358,
                    "children": {
                        "env_step": {
                            "total": 467.5851823000012,
                            "count": 33585,
                            "self": 350.0250684000067,
                            "children": {
                                "SubprocessEnvManager._take_step": {
                                    "total": 117.06418159999275,
                                    "count": 33585,
                                    "self": 2.024109199995152,
                                    "children": {
                                        "TorchPolicy.evaluate": {
                                            "total": 115.0400723999976,
                                            "count": 25020,
                                            "self": 28.272664699995417,
                                            "children": {
                                                "TorchPolicy.sample_actions": {
                                                    "total": 86.76740770000218,
                                                    "count": 25020,
                                                    "self": 86.76740770000218
                                                }
                                            }
                                        }
                                    }
                                },
                                "workers": {
                                    "total": 0.49593230000168464,
                                    "count": 33585,
                                    "self": 0.0,
                                    "children": {
                                        "worker_root": {
                                            "total": 469.4892513000052,
                                            "count": 33585,
                                            "is_parallel": true,
                                            "self": 256.1161809000031,
                                            "children": {
                                                "steps_from_proto": {
                                                    "total": 0.0008219999999998784,
                                                    "count": 1,
                                                    "is_parallel": true,
                                                    "self": 0.00028309999999986957,
                                                    "children": {
                                                        "_process_vector_observation": {
                                                            "total": 0.0005389000000000088,
                                                            "count": 4,
                                                            "is_parallel": true,
                                                            "self": 0.0005389000000000088
                                                        }
                                                    }
                                                },
                                                "UnityEnvironment.step": {
                                                    "total": 213.37224840000212,
                                                    "count": 33585,
                                                    "is_parallel": true,
                                                    "self": 5.607316400007164,
                                                    "children": {
                                                        "UnityEnvironment._generate_step_input": {
                                                            "total": 4.597420099995742,
                                                            "count": 33585,
                                                            "is_parallel": true,
                                                            "self": 4.597420099995742
                                                        },
                                                        "communicator.exchange": {
                                                            "total": 183.9007711000003,
                                                            "count": 33585,