{
    "name": "root",
    "gauges": {
        "HiderAgent.Policy.Entropy.mean": {
            "value": 0.8611811995506287,
            "min": 0.7658617496490479,
            "max": 1.597428560256958,
            "count": 20
        },
        "HiderAgent.Environment.EpisodeLength.mean": {
            "value": 844.0,
            "min": 116.07792207792208,
            "max": 844.0,
            "count": 20
        },
        "HiderAgent.Policy.ExtrinsicValueEstimate.mean": {
            "value": -0.5252749919891357,
            "min": -0.8308782577514648,
            "max": -0.25210264325141907,
            "count": 20
        },
        "HiderAgent.Environment.CumulativeReward.mean": {
            "value": -6.6587493270635605,
            "min": -6.6587493270635605,
            "max": -0.5192856064864567,
            "count": 20
        },
        "HiderAgent.Policy.ExtrinsicReward.mean": {
            "value": -6.6587493270635605,
            "min": -6.6587493270635605,
            "max": -0.5192856064864567,
            "count": 20
        },
        "HiderAgent.Losses.PolicyLoss.mean": {
            "value": 0.08194697933853604,
            "min": 0.06723503580103474,
            "max": 0.08194697933853604,
            "count": 20
        },
        "HiderAgent.Losses.ValueLoss.mean": {
            "value": 0.02993903960974421,
            "min": 0.02993903960974421,
            "max": 0.413534361521403,
            "count": 20
        },
        "HiderAgent.Policy.LearningRate.mean": {
            "value": 7.218397593899999e-06,
            "min": 7.218397593899999e-06,
            "max": 0.0002922741692419444,
            "count": 20
        },
        "HiderAgent.Policy.Epsilon.mean": {
            "value": 0.10240610000000001,
            "min": 0.10240610000000001,
            "max": 0.1974247222222222,
            "count": 20
        },
        "HiderAgent.Policy.Beta.mean": {
            "value": 2.178989e-05,
            "min": 2.178989e-05,
            "max": 0.000487381138888889,
            "count": 20
        },
        "HiderAgent.IsTraining.mean": {
            "value": 1.0,
            "min": 1.0,
            "max": 1.0,
            "count": 20
        }
    },
    "metadata": {
        "timer_format_version": "0.1.0",
        "start_time_seconds": "1609537186",
        "python_version": "3.7.7 (tags/v3.7.7:d7c567b08f, Mar 10 2020, 10:41:24) [MSC v.1900 64 bit (AMD64)]",
        "command_line_arguments": "C:\\Users\\Ilona\\AppData\\Local\\Programs\\Python\\Python37\\Scripts\\mlagents-learn agent_config_v0.3_PPO.yaml --run-id=v0.3.1_PPO --force",
        "mlagents_version": "0.22.0",
        "mlagents_envs_version": "0.22.0",
        "communication_protocol_version": "1.2.0",
        "pytorch_version": "1.7.0+cu110",
        "numpy_version": "1.18.2",
        "end_time_seconds": "1609537398"
    },
    "total": 212.31954960000002,
    "count": 1,
    "self": 0.15213410000004046,
    "children": {
        "run_training.setup": {
            "total": 0.00824199999999986,
            "count": 1,
            "self": 0.00824199999999986
        },
        "TrainerController.start_learning": {
            "total": 212.15917349999998,
            "count": 1,
            "self": 0.40832160000067574,
            "children": {
                "TrainerController._reset_env": {
                    "total": 13.9134858,
                    "count": 1,
                    "self": 13.9134858
                },
                "TrainerController.advance": {
                    "total": 197.71653459999933,
                    "count": 13089,
                    "self": 0.2121300999990865,
                    "children": {
                        "env_step": {
                            "total": 197.50440450000025,
                            "count": 13089,
                            "self": 138.47197440000036,
                            "children": {
                                "SubprocessEnvManager._take_step": {
                                    "total": 58.83824010000003,
                                    "count": 13089,
                                    "self": 1.0109484000003022,
                                    "children": {
                                        "TorchPolicy.evaluate": {
                                            "total": 57.827291699999726,
                                            "count": 12561,
                                            "self": 13.986069000000995,
                                            "children": {
                                                "TorchPolicy.sample_actions": {
                                                    "total": 43.84122269999873,
                                                    "count": 12561,
                                                    "self": 43.84122269999873
                                                }
                                            }
                                        }
                                    }
                                },
                                "workers": {
                                    "total": 0.1941899999998622,
                                    "count": 13089,
                                    "self": 0.0,
                                    "children": {
                                        "worker_root": {
                                            "total": 199.43459059999927,
                                            "count": 13089,
                                            "is_parallel": true,
                                            "self": 88.09296959999955,
                                            "children": {
                                                "steps_from_proto": {
                                                    "total": 0.0010086000000004702,
                                                    "count": 1,
                                                    "is_parallel": true,
                                                    "self": 0.00026699999999912905,
                                                    "children": {
                                                        "_process_vector_observation": {
                                                            "total": 0.0007416000000013412,
                                                            "count": 4,
                                                            "is_parallel": true,
                                                            "self": 0.0007416000000013412
                                                        }
                                                    }
                                                },
                                                "UnityEnvironment.step": {
                                                    "total": 111.34061239999971,
                                                    "count": 13089,
                                                    "is_parallel": true,
                                                    "self": 2.520446999996807,
                                                    "children": {
                                                        "UnityEnvironment._generate_step_input": {
                                                            "total": 2.262281699999509,
                                                            "count": 13089,
                                                            "is_parallel": true,
                                                            "self": 2.262281699999509
                                                        },
                                                        "communicator.exchange": {
                                                            "total": 97.18877260000116,
                                                            "count": 13089,
                                                            "is_parallel": true,