{
    "name": "root",
    "gauges": {
        "HiderAgent.Policy.Entropy.mean": {
            "value": 0.7261554002761841,
            "min": 0.6052228808403015,
            "max": 1.5896778106689453,
            "count": 40
        },
        "HiderAgent.Environment.EpisodeLength.mean": {
            "value": 22.459183673469386,
            "min": 22.00235849056604,
            "max": 743.5333333333333,
            "count": 40
        },
        "HiderAgent.Policy.ExtrinsicValueEstimate.mean": {
            "value": 0.7793220281600952,
            "min": -0.29105114936828613,
            "max": 0.8292304873466492,
            "count": 40
        },
        "HiderAgent.Environment.CumulativeReward.mean": {
            "value": 0.8879602094046513,
            "min": -2.717666252454122,
            "max": 0.8896751825604804,
            "count": 40
        },
        "HiderAgent.Policy.ExtrinsicReward.mean": {
            "value": 0.8879602094046513,
            "min": -2.717666252454122,
            "max": 0.8896751825604804,
            "count": 40
        },
        "HiderAgent.Losses.PolicyLoss.mean": {
            "value": 0.06798018223586648,
            "min": 0.060561748316589115,
            "max": 0.07771853379672393,
            "count": 40
        },
        "HiderAgent.Losses.ValueLoss.mean": {
            "value": 0.021490128458632775,
            "min": 0.012040105316070063,
            "max": 0.054378338072759415,
            "count": 40
        },
        "HiderAgent.Policy.LearningRate.mean": {
            "value": 3.702473765874999e-06,
            "min": 3.702473765874999e-06,
            "max": 0.0002961001887999375,
            "count": 40
        },
        "HiderAgent.Policy.Epsilon.mean": {
            "value": 0.10123412500000001,
            "min": 0.10123412500000001,
            "max": 0.19870006250000002,
            "count": 40
        },
        "HiderAgent.Policy.Beta.mean": {
            "value": 1.60472125e-05,
            "min": 1.60472125e-05,
            "max": 0.00049363030625,
            "count": 40
        },
        "HiderAgent.IsTraining.mean": {
            "value": 1.0,
            "min": 1.0,
            "max": 1.0,
            "count": 40
        }
    },
    "metadata": {
        "timer_format_version": "0.1.0",
        "start_time_seconds": "1609599100",
        "python_version": "3.7.7 (tags/v3.7.7:d7c567b08f, Mar 10 2020, 10:41:24) [MSC v.1900 64 bit (AMD64)]",
        "command_line_arguments": "C:\\Users\\Ilona\\AppData\\Local\\Programs\\Python\\Python37\\Scripts\\mlagents-learn agent_config_v0.3.2.2_PPO.yaml --run-id=v0.4 --force",
        "mlagents_version": "0.22.0",
        "mlagents_envs_version": "0.22.0",
        "communication_protocol_version": "1.2.0",
        "pytorch_version": "1.7.0+cu110",
        "numpy_version": "1.18.2",
        "end_time_seconds": "1609599621"
    },
    "total": 520.3764156999999,
    "count": 1,
    "self": 0.18971079999994345,
    "children": {
        "run_training.setup": {
            "total": 0.007159499999999985,
            "count": 1,
            "self": 0.007159499999999985
        },
        "TrainerController.start_learning": {
            "total": 520.1795454,
            "count": 1,
            "self": 0.9822052999963944,
            "children": {
                "TrainerController._reset_env": {
                    "total": 18.6305777,
                    "count": 1,
                    "self": 18.6305777
                },
                "TrainerController.advance": {
                    "total": 500.1487104000037,
                    "count": 32181,
                    "self": 0.52484340000575,
                    "children": {
                        "env_step": {
                            "total": 499.623866999998,
                            "count": 32181,
                            "self": 381.7153175999927,
                            "children": {
                                "SubprocessEnvManager._take_step": {
                                    "total": 117.41402760000574,
                                    "count": 32181,
                                    "self": 2.104982300006043,
                                    "children": {
                                        "TorchPolicy.evaluate": {
                                            "total": 115.3090452999997,
                                            "count": 25021,
                                            "self": 27.40332939999496,
                                            "children": {
                                                "TorchPolicy.sample_actions": {
                                                    "total": 87.90571590000474,
                                                    "count": 25021,
                                                    "self": 87.90571590000474
                                                }
                                            }
                                        }
                                    }
                                },
                                "workers": {
                                    "total": 0.49452179999953216,
                                    "count": 32181,
                                    "self": 0.0,
                                    "children": {
                                        "worker_root": {
                                            "total": 502.00301159999873,
                                            "count": 32181,
                                            "is_parallel": true,
                                            "self": 205.54649919999474,
                                            "children": {
                                                "steps_from_proto": {
                                                    "total": 0.0009398999999987723,
                                                    "count": 1,
                                                    "is_parallel": true,
                                                    "self": 0.00033129999999914617,
                                                    "children": {
                                                        "_process_vector_observation": {
                                                            "total": 0.0006085999999996261,
                                                            "count": 4,
                                                            "is_parallel": true,
                                                            "self": 0.0006085999999996261
                                                        }
                                                    }
                                                },
                                                "UnityEnvironment.step": {
                                                    "total": 296.455572500004,
                                                    "count": 32181,
                                                    "is_parallel": true,
                                                    "self": 6.001955100005546,
                                                    "children": {
                                                        "UnityEnvironment._generate_step_input": {
                                                            "total": 4.5704563999985695,
                                                            "count": 32181,
                                                            "is_parallel": true,
                                                            "self": 4.5704563999985695
                                                        },
                                                        "communicator.exchange": {
                                                            "total": 265.7196871000009,
                                                            "count": 32181,